model,n_essays,mean_total,sd_total,mean_sd,mean_range,mean_cv,icc_total,icc_n_essays_total,icc_n_essays_balanced,icc_n_raters,auto-approve,flagged_for_review
openai/gpt-oss-120b,130,25.47216494845361,7.024328886508798,1.0036067066982415,2.4,0.04693169454220782,0.9429106099096358,97,81,5,55.38461538461539,44.61538461538462
qwen/qwen3-32b,128,28.316796875,6.00167062484472,2.3137551042725595,5.5625,0.09173594322607771,0.8438579663135294,128,123,5,7.8125,92.1875
